wxz,编号,字符
wxz,5395,霧
wxz,5398,徨
wxz,5399,别
wxz,5405,賴
wxz,5406,完
wxz,5409,褪
wxz,5413,吴
wxz,5415,退
wxz,5417,救
wxz,5419,惠
wxz,5421,佣
wxz,5423,誰
wxz,5424,往
wxz,5426,鎬
wxz,5428,甫
wxz,5430,毁
wxz,5434,翼
wxz,5436,臭
wxz,5439,平
wxz,5443,樺
wxz,5444,並
wxz,5445,攤
wxz,5447,蓄
wxz,5452,助
wxz,5456,森
wxz,5458,基
wxz,5459,酸
wxz,5460,良
wxz,3893,签
wxz,5464,賢
wxz,5466,范
wxz,5467,小
wxz,5468,植
wxz,5470,螃
wxz,5474,裁
wxz,5476,淀
wxz,5478,噎
wxz,5480,赴
wxz,5482,垂
wxz,5483,酗
wxz,5485,逵
wxz,5486,巫
wxz,5487,袄
wxz,5491,新
wxz,5492,俱
wxz,5494,痧
wxz,0391,宋
wxz,5497,豁
wxz,5498,噗
wxz,5501,黝
wxz,5503,豹
wxz,5507,诸
wxz,5508,渺
wxz,5509,值
wxz,5511,吼
wxz,5513,擀
wxz,5514,晏
wxz,5515,漾
wxz,5518,爝
wxz,5520,宏
wxz,5523,黯
wxz,5524,肢
wxz,5525,捷
wxz,5526,講
wxz,2546,朝
wxz,5528,善
wxz,5530,蠢
wxz,5533,湖
wxz,5534,届
wxz,5536,搶
wxz,5537,嚴
wxz,5539,誼
wxz,5540,嵋
wxz,5541,諷
wxz,5542,曝
wxz,5543,鉅
wxz,5548,奇
wxz,5551,奎
wxz,5552,某
wxz,5555,陛
wxz,5558,援
wxz,5559,裙
wxz,5561,烷
wxz,5562,榻
wxz,5564,猖
wxz,5569,棕
wxz,5570,龔
wxz,5571,頸
wxz,5573,胚
wxz,5574,病
wxz,5577,舵
wxz,5578,現
wxz,5579,犯
wxz,5580,佼
wxz,5582,鑫
wxz,5584,演
wxz,5585,腿
wxz,5587,賓
wxz,5588,偶
wxz,5590,肯
wxz,5592,憚
wxz,5593,韜
wxz,5594,蟠
wxz,5599,汐
wxz,5600,进
wxz,5602,混
wxz,5603,旅
wxz,5605,瑗
wxz,5608,薩
wxz,5610,珞
wxz,5612,容
wxz,5613,磺
wxz,5614,劉
wxz,5617,侃
wxz,5620,輕
wxz,5621,蠑
wxz,5623,零
wxz,5625,剪
wxz,4874,龍
wxz,5627,玻
wxz,5630,鼓
wxz,5631,創
wxz,5633,吾
wxz,5636,眙
wxz,5637,姐
wxz,5638,薛
wxz,5643,官
wxz,5644,露
wxz,5647,旬
wxz,0655,岩
wxz,5649,藕
wxz,5650,輝
wxz,5654,家
wxz,5655,叙
wxz,5662,涯
wxz,5663,格
wxz,5664,挺
wxz,5666,裴
wxz,5668,樣
wxz,5670,笺
wxz,5671,壅
wxz,5672,便
wxz,5673,夜
wxz,5675,燧
wxz,3298,漂
wxz,5689,恢
wxz,5690,绣
wxz,5691,稍
wxz,5692,趙
wxz,5694,睿
wxz,5695,笛
wxz,5696,稀
wxz,5699,吟
wxz,5700,窒
wxz,5244,械
wxz,5704,磁
wxz,5705,購
wxz,5711,伙
wxz,5713,俞
wxz,5714,孔
wxz,5715,社
wxz,5716,冷
wxz,5717,圭
wxz,5719,號
wxz,5721,雨
wxz,5722,靡
wxz,5726,旨
wxz,5729,稻
wxz,2951,派
wxz,5732,利
wxz,5733,劳
wxz,5735,謎
wxz,5736,族
wxz,5737,膳
wxz,5738,盗
wxz,5740,疇
wxz,5741,天
wxz,5743,蚤
wxz,5745,要
wxz,5746,婺
wxz,5747,佰
wxz,5750,膜
wxz,5752,絮
wxz,5753,胤
wxz,5755,哄
wxz,5756,棱
wxz,5757,法
wxz,5760,瞑
wxz,5761,鶴
wxz,5762,慕
wxz,5763,鏈
wxz,5764,寵
wxz,5766,喱
wxz,5768,衰
wxz,5769,捍
wxz,5771,嵊
wxz,4476,给
wxz,5774,宰
wxz,5776,宅
wxz,5778,蘑
wxz,5780,血
wxz,5784,非
wxz,5786,太
wxz,5788,寶
wxz,5790,魔
wxz,5792,漱
wxz,5793,在
wxz,5794,璜
wxz,5796,萎
wxz,5799,區
wxz,5800,季
wxz,5801,精
wxz,5802,逢
wxz,5805,猛
wxz,5807,活
wxz,5810,炮
wxz,5811,梯
wxz,5813,蛹
wxz,5816,菇
wxz,5820,灶
wxz,1312,阮
wxz,5822,积
wxz,5823,堡
wxz,5825,檬
wxz,5829,惭
wxz,5830,甲
wxz,5831,詮
wxz,5832,擎
wxz,5833,液
wxz,5834,褶
wxz,5835,山
wxz,5836,崔
wxz,5837,儺
wxz,5839,劈
wxz,5840,承
wxz,5841,痫
wxz,5842,蚪
wxz,5843,無
wxz,5844,照
wxz,5847,符
wxz,5849,猾
wxz,5850,淋
wxz,5858,舌
wxz,5865,例
wxz,5866,穆
wxz,5867,芒
wxz,5869,茉
wxz,5871,敢
wxz,5872,嘟
wxz,0116,閑
wxz,5881,尿
wxz,5883,榔
wxz,5884,適
wxz,5885,纹
wxz,5889,灞
wxz,5890,藤
wxz,5891,寒
wxz,5893,壶
wxz,5895,弟
wxz,4719,蔡
wxz,5897,呆
wxz,5901,厲
wxz,5902,啊
wxz,3842,盟
wxz,5906,蜷
wxz,5909,祛
wxz,5910,降
wxz,5911,各
wxz,5912,漓
wxz,5913,戈
wxz,5914,灿
wxz,5916,匙
wxz,5917,念
wxz,5918,奈
wxz,3257,腔
wxz,5922,潔
wxz,5923,催
wxz,1193,皆
wxz,5927,海
wxz,5931,脂
wxz,5933,授
wxz,5934,俄
wxz,5935,堕
wxz,5936,毯
wxz,5937,募
wxz,4801,回
wxz,5945,怔
wxz,5948,螞
wxz,5949,鞍
wxz,5950,凍
wxz,5952,槎
wxz,5954,勢
wxz,5955,蔓
wxz,5956,七
wxz,5957,偵
wxz,5958,曠
wxz,5966,霰
wxz,5968,們
wxz,5969,疼
wxz,5971,饒
wxz,5972,允
wxz,5973,殿
wxz,5974,沔
wxz,5975,麻
wxz,5986,酚
wxz,5987,蝙
wxz,5988,瞪
wxz,5994,考
wxz,5995,薄
wxz,5998,君
wxz,5999,親
wxz,6000,蓓
wxz,6005,羌
wxz,6006,矛
wxz,6008,蠟
wxz,6011,唛
wxz,6012,樗
wxz,6013,眸
wxz,6014,查
wxz,6016,棒
wxz,6018,痛
wxz,6020,榆
wxz,6021,披
wxz,6023,酬
wxz,6025,阜
wxz,6027,霉
wxz,6028,破
wxz,6030,掃
wxz,6031,墾
wxz,6034,砍
wxz,6035,茄
wxz,6036,李
wxz,0980,痴
wxz,6041,丈
wxz,6043,萌
wxz,6045,蜀
wxz,6049,腌
wxz,6050,敗
wxz,6052,槌
wxz,6053,產
wxz,6054,汕
wxz,6055,氣
wxz,6058,乞
wxz,6060,倘
wxz,6062,茹
wxz,0200,初
wxz,4653,月
wxz,6068,唾
wxz,6071,纸
wxz,6075,垮
wxz,6076,稽
wxz,6078,論
wxz,6080,嗝
wxz,6083,揆
wxz,6084,仆
wxz,6085,雍
wxz,6086,偎
wxz,6087,連
wxz,6090,嘯
wxz,6092,兜
wxz,6093,民
wxz,6094,殊
wxz,6097,孝
wxz,6099,瓷
wxz,6101,骨
wxz,6102,閩
wxz,6103,若
wxz,6105,绞
wxz,6106,维
wxz,6107,峯
wxz,6108,敦
wxz,6110,橡
wxz,1261,言
wxz,6115,棟
wxz,6116,列
wxz,6117,膊
wxz,6119,案
wxz,2323,市
wxz,6122,俸
wxz,6126,酿
wxz,6127,啦
wxz,6129,税
wxz,6131,滔
wxz,6132,涕
wxz,6134,租
wxz,6135,蚺
wxz,6139,啵
wxz,6141,蕨
wxz,6142,凤
wxz,6146,霞
wxz,6150,炒
wxz,6151,惆
wxz,6152,阿
wxz,6153,幽
wxz,6154,臂
wxz,6156,瑶
wxz,6157,惑
wxz,6158,坊
wxz,6160,蟀
wxz,6163,梁
wxz,6166,蜣
wxz,6167,業
wxz,6168,喂
wxz,6169,認
wxz,6171,玩
wxz,6173,真
wxz,6174,限
wxz,6177,圃
wxz,6179,詫
wxz,6182,溜
wxz,6184,樱
wxz,6186,吻
wxz,6187,遍
wxz,6188,躲
wxz,6189,鲆
wxz,6190,毅
wxz,6192,洹
wxz,6193,魅
wxz,6196,郵
wxz,6197,搭
wxz,6200,蝌
wxz,6201,盾
wxz,6202,瑋
wxz,6203,攀
wxz,6205,菲
wxz,6206,羊
wxz,6207,殆
wxz,6208,殃
wxz,6210,京
wxz,6211,貫
wxz,6212,肥
wxz,6215,揍
wxz,6219,汪
wxz,6221,再
wxz,6222,霏
wxz,6225,抽
wxz,6226,嚎
wxz,6230,懦
wxz,6232,蜱
wxz,6233,荀
wxz,6234,燎
wxz,3585,領
wxz,6237,疚
wxz,6241,崽
wxz,6245,疫
wxz,6248,須
wxz,6249,炖
wxz,6250,琬
wxz,6251,屑
wxz,6253,慧
wxz,6255,皈
wxz,6257,捐
wxz,6262,硝
wxz,6265,路
wxz,6266,音
wxz,6271,裨
wxz,6272,壹
wxz,2827,旗
wxz,3995,味
wxz,6281,遭
wxz,6282,瞎
wxz,6284,餃
wxz,6285,稹
wxz,6288,科
wxz,6290,痰
wxz,6293,雛
wxz,6295,佳
wxz,6296,炕
wxz,0479,猴
wxz,6298,翻
wxz,6300,棘
wxz,6303,抛
wxz,6304,簧
wxz,6305,戎
wxz,6306,瀚
wxz,6307,悟
wxz,6309,文
wxz,6310,蠕
wxz,6311,邛
wxz,6314,缆
wxz,6315,梢
wxz,6316,攻
wxz,6318,渣
wxz,4014,盛
wxz,6325,隐
wxz,6327,蒂
wxz,6328,黼
wxz,6331,移
wxz,6332,更
wxz,6333,妤
wxz,6337,摧
wxz,6338,它
wxz,6339,第
wxz,6340,郏
wxz,6341,秀
wxz,6342,尤
wxz,6343,暇
wxz,6344,踱
wxz,6346,滂
wxz,6347,糍
wxz,6351,咨
wxz,6354,但
wxz,6356,腮
wxz,6357,陣
wxz,6358,兒
wxz,6359,淳
wxz,6363,瀏
wxz,6364,级
wxz,6367,備
wxz,6370,卷
wxz,6377,蘆
wxz,6378,岬
wxz,6379,用
wxz,6382,湓
wxz,6383,掀
wxz,6386,夸
wxz,6388,秒
wxz,6389,吠
wxz,6390,半
wxz,6392,提
wxz,6396,黄
wxz,6397,兆
wxz,6398,茸
wxz,6399,六
wxz,6401,下
wxz,3225,芝
wxz,6405,粤
wxz,6409,款
wxz,6411,糕
wxz,6413,巽
wxz,6414,栈
wxz,6415,囔
wxz,6417,刊
wxz,6418,眄
wxz,6419,追
wxz,6420,觀
wxz,6421,幂
wxz,6422,掌
wxz,6430,灌
wxz,6431,嫁
wxz,6433,杯
wxz,6437,娠
wxz,4745,背
wxz,6442,駐
wxz,6443,搞
wxz,6444,嚏
wxz,6446,醚
wxz,6450,栖
wxz,6451,宣
wxz,6456,扔
wxz,6457,帆
wxz,6458,涇
wxz,6462,岸
wxz,6464,灼
wxz,6465,欺
wxz,6467,踟
wxz,6468,房
wxz,6469,榜
wxz,6470,痪
wxz,6472,倚
wxz,6474,椭
wxz,6475,能
wxz,6477,蜴
wxz,6479,噢
wxz,6480,峪
wxz,6482,首
wxz,6483,帛
wxz,6484,愷
wxz,6485,逝
wxz,6486,桐
wxz,6487,堪
wxz,6488,字
wxz,6490,宙
wxz,6491,哎
wxz,6492,抓
wxz,6493,富
wxz,6494,榕
wxz,6496,涝
wxz,6498,譜
wxz,6502,揣
wxz,6503,蒸
wxz,6506,琮
wxz,6507,佐
wxz,6508,谷
wxz,6512,堂
wxz,6513,烙
wxz,6515,壩
wxz,6516,難
wxz,6517,瓶
wxz,6522,侣
wxz,6523,檳
wxz,6524,仁
wxz,6526,傻
wxz,6527,瑪
wxz,6530,掇
wxz,6531,嗖
wxz,6533,書
wxz,6534,形
wxz,6535,汽
wxz,6536,警
wxz,0129,未
wxz,6541,越
wxz,3630,嘴
wxz,5333,餐
wxz,6546,祉
wxz,6547,株
wxz,6548,鞅
wxz,1875,淞
wxz,6550,貽
wxz,6553,澄
wxz,6556,口
wxz,6560,促
wxz,6561,甘
wxz,6563,荐
wxz,6571,閔
wxz,6575,烘
wxz,6576,枝
wxz,6579,悄
wxz,4232,昂
wxz,6581,隔
wxz,6586,陌
wxz,6589,歸
wxz,6590,尉
wxz,6591,潘
wxz,6592,佬
wxz,6593,敖
wxz,6594,速
wxz,6595,粳
wxz,6597,危
wxz,6599,酝
wxz,6604,梓
wxz,6606,漏
wxz,6607,塘
wxz,6611,纪
wxz,6612,阻
wxz,6614,超
wxz,6615,諦
wxz,6618,洛
wxz,6620,莫
wxz,6622,鋼
wxz,6623,枯
wxz,6625,燭
wxz,6627,遂
wxz,6628,溉
wxz,6629,漳
wxz,6630,位
wxz,6631,響
wxz,6632,哚
wxz,6634,器
wxz,6636,牢
wxz,1110,裕
wxz,6641,繁
wxz,6646,議
wxz,6647,底
wxz,6648,赊
wxz,6650,受
wxz,6651,瀝
wxz,6652,拳
wxz,6656,步
wxz,6658,瘠
wxz,6659,烽
wxz,6660,殴
wxz,6661,沫
wxz,6662,鞘
wxz,6665,沌
wxz,6666,旱
wxz,6668,倦
wxz,6671,黎
wxz,2277,英
wxz,6675,陀
wxz,6677,粟
wxz,6682,遁
wxz,6684,绒
wxz,6685,鸳
wxz,6686,嗦
wxz,2853,昔
wxz,6688,麾
wxz,6689,盱
wxz,6690,集
wxz,6694,欽
wxz,6695,糖
wxz,6696,框
wxz,6701,悠
wxz,6703,耘
wxz,6705,室
wxz,6709,祭
wxz,6710,煨
wxz,6717,强
wxz,6719,午
wxz,6722,嗷
wxz,6724,默
wxz,6727,勒
wxz,6729,飛
wxz,6732,囚
wxz,6733,川
wxz,6735,正
wxz,6736,閱
wxz,0001,燥
wxz,0003,保
wxz,0004,罪
wxz,0005,試
wxz,0008,障
wxz,0009,沿
wxz,0011,甄
wxz,0012,訂
wxz,0015,璨
wxz,0016,那
wxz,0019,晚
wxz,0020,騫
wxz,0021,癱
wxz,0023,霆
wxz,0028,記
wxz,0030,褥
wxz,0033,愉
wxz,0038,厄
wxz,0040,甥
wxz,0043,螂
wxz,0044,亡
wxz,0045,穴
wxz,0053,鳞
wxz,0054,唷
wxz,0056,皮
wxz,0057,菠
wxz,0059,划
wxz,0060,訊
wxz,0061,烈
wxz,0062,袂
wxz,0067,詔
wxz,0068,扁
wxz,0069,琴
wxz,0070,戚
wxz,0074,廊
wxz,1515,秦
wxz,0076,啡
wxz,0077,巢
wxz,0078,舟
wxz,0080,妖
wxz,0081,鄂
wxz,0085,戒
wxz,0086,葡
wxz,0087,汗
wxz,0089,匝
wxz,0090,娱
wxz,0092,有
wxz,0093,顫
wxz,0095,雉
wxz,0096,州
wxz,0097,绵
wxz,0103,毒
wxz,0104,涮
wxz,0107,賊
wxz,0108,痤
wxz,0111,刹
wxz,0117,頡
wxz,0118,黠
wxz,0119,佞
wxz,0120,甩
wxz,0121,營
wxz,0122,沸
wxz,0123,淖
wxz,0124,笑
wxz,0125,螺
wxz,0128,狩
wxz,0131,志
wxz,0141,墓
wxz,0142,猥
wxz,0145,勋
wxz,0146,蝗
wxz,0147,爵
wxz,0149,筑
wxz,0151,拂
wxz,0152,腦
wxz,0156,克
wxz,0157,楠
wxz,0158,鹿
wxz,0159,實
wxz,0160,册
wxz,0161,啶
wxz,0163,推
wxz,0166,胡
wxz,0167,棚
wxz,0168,翡
wxz,0169,凰
wxz,0170,車
wxz,0171,積
wxz,0172,鑒
wxz,0174,五
wxz,0175,婢
wxz,0176,将
wxz,0177,寂
wxz,0178,凌
wxz,0179,椒
wxz,0180,砭
wxz,0181,膛
wxz,0186,防
wxz,0190,里
wxz,0191,翁
wxz,0195,灸
wxz,0197,攫
wxz,0202,愕
wxz,0205,橐
wxz,0206,吨
wxz,0207,土
wxz,0208,庚
wxz,0210,瘦
wxz,0211,吭
wxz,0212,葆
wxz,0215,粗
wxz,0216,蕉
wxz,0218,博
wxz,0219,價
wxz,0222,捻
wxz,0223,巍
wxz,5186,孟
wxz,0227,陽
wxz,0231,屈
wxz,0234,靶
wxz,0237,舅
wxz,0238,褐
wxz,0239,際
wxz,0241,焉
wxz,0244,圳
wxz,0246,之
wxz,0248,寞
wxz,0251,躔
wxz,0255,樟
wxz,0256,鲷
wxz,0259,锚
wxz,0260,沈
wxz,0261,甜
wxz,0266,定
wxz,0267,芬
wxz,2726,箱
wxz,0270,叫
wxz,0272,眯
wxz,0277,蕊
wxz,0282,咂
wxz,0284,槽
wxz,0285,臘
wxz,0286,净
wxz,0290,沾
wxz,0294,鲳
wxz,0296,跺
wxz,0298,偃
wxz,0301,臨
wxz,0304,我
wxz,0306,斌
wxz,0307,亘
wxz,0308,腹
wxz,0309,途
wxz,0314,玲
wxz,0315,傲
wxz,0316,息
wxz,0318,距
wxz,0321,鏑
wxz,0322,做
wxz,0323,恪
wxz,0324,九
wxz,0326,遠
wxz,0327,醛
wxz,0330,咀
wxz,0332,悼
wxz,0334,駿
wxz,0335,雅
wxz,0337,護
wxz,0338,帖
wxz,0341,油
wxz,0346,版
wxz,0348,魏
wxz,0349,戊
wxz,0350,邱
wxz,0352,肝
wxz,0353,角
wxz,0359,啟
wxz,0360,事
wxz,0361,讓
wxz,0362,避
wxz,0364,璃
wxz,0366,美
wxz,0367,砷
wxz,0369,突
wxz,0371,亂
wxz,0373,則
wxz,0375,獻
wxz,2971,牌
wxz,0379,瞻
wxz,0382,嚷
wxz,0383,蜚
wxz,0386,叨
wxz,0387,估
wxz,0388,軌
wxz,0389,鳄
wxz,0390,拐
wxz,0393,擅
wxz,0396,二
wxz,0397,糊
wxz,0403,先
wxz,0406,匡
wxz,0409,慢
wxz,0411,張
wxz,0412,男
wxz,3987,管
wxz,0414,幕
wxz,0415,化
wxz,0417,嚓
wxz,0419,懋
wxz,0421,興
wxz,0422,算
wxz,0423,耽
wxz,0424,騏
wxz,0425,嶺
wxz,0428,巧
wxz,0430,碧
wxz,0431,粽
wxz,0434,凋
wxz,0435,懺
wxz,0437,自
wxz,0441,跪
wxz,0443,槛
wxz,0444,沼
wxz,2449,脉
wxz,0451,厦
wxz,0453,滇
wxz,0454,琳
wxz,0455,低
wxz,0456,思
wxz,0457,段
wxz,0459,丙
wxz,0460,腺
wxz,0463,沽
wxz,0464,視
wxz,0466,陶
wxz,0468,丹
wxz,0469,沃
wxz,0470,苦
wxz,0471,挎
wxz,0473,竺
wxz,0474,趕
wxz,0475,疽
wxz,0476,模
wxz,0477,陋
wxz,3125,預
wxz,0481,哇
wxz,0486,俗
wxz,0488,檸
wxz,0489,蕾
wxz,0490,槐
wxz,0492,邯
wxz,0493,巨
wxz,0494,嫦
wxz,0497,嗥
wxz,0498,吐
wxz,0499,楹
wxz,0500,槿
wxz,0501,蹊
wxz,0502,穢
wxz,0504,苛
wxz,0505,蝽
wxz,0507,末
wxz,0509,杆
wxz,0513,安
wxz,0514,黛
wxz,0515,怫
wxz,0517,雕
wxz,0518,剔
wxz,0519,嘿
wxz,0521,醒
wxz,0522,瞧
wxz,0524,練
wxz,0525,檎
wxz,0526,醇
wxz,0527,棉
wxz,0528,洽
wxz,0529,讀
wxz,0531,坤
wxz,0537,單
wxz,0539,獸
wxz,0540,襄
wxz,0542,斯
wxz,0548,凛
wxz,1514,最
wxz,0551,耗
wxz,0554,你
wxz,0557,浆
wxz,0559,頭
wxz,0560,墉
wxz,0561,蚝
wxz,0562,湟
wxz,0563,孺
wxz,0566,虹
wxz,0570,德
wxz,0571,镶
wxz,0572,牧
wxz,0573,慵
wxz,0575,井
wxz,0576,碳
wxz,0577,痣
wxz,0581,暴
wxz,0582,叮
wxz,0583,療
wxz,0584,炸
wxz,0585,鄉
wxz,0587,疟
wxz,0588,亞
wxz,0592,清
wxz,0593,孽
wxz,0594,培
wxz,0595,愁
wxz,0596,僵
wxz,0597,潦
wxz,0599,罡
wxz,0600,魂
wxz,0601,忍
wxz,0605,印
wxz,0606,辦
wxz,0607,攘
wxz,0613,斟
wxz,0614,揖
wxz,0615,僮
wxz,0617,台
wxz,0620,僅
wxz,0623,静
wxz,0624,咬
wxz,0625,翳
wxz,0628,勐
wxz,0629,衣
wxz,0630,塔
wxz,0632,爱
wxz,0633,彼
wxz,0635,箍
wxz,0639,忌
wxz,0646,哥
wxz,0647,扇
wxz,0650,軸
wxz,0652,亮
wxz,0653,纳
wxz,0654,漣
wxz,0657,協
wxz,0658,暗
wxz,0659,增
wxz,0660,欄
wxz,0662,忱
wxz,0666,表
wxz,0669,咖
wxz,0670,汉
wxz,0671,旦
wxz,0672,塑
wxz,0677,胱
wxz,0682,嘣
wxz,0683,緊
wxz,0684,剽
wxz,0686,舶
wxz,0687,罩
wxz,0688,祈
wxz,0690,婷
wxz,0695,語
wxz,0696,壓
wxz,0699,流
wxz,0702,湍
wxz,0703,諾
wxz,0706,或
wxz,0707,收
wxz,0711,骼
wxz,0712,啖
wxz,0718,儉
wxz,0719,覆
wxz,0720,同
wxz,0721,聲
wxz,0722,園
wxz,0725,蝮
wxz,0726,兼
wxz,0729,販
wxz,0732,愛
wxz,0736,堆
wxz,0737,馬
wxz,0739,校
wxz,0740,描
wxz,0743,跆
wxz,0748,漫
wxz,0749,串
wxz,0750,旋
wxz,0751,搴
wxz,0755,皂
wxz,0756,熨
wxz,0757,儒
wxz,0758,猫
wxz,0759,交
wxz,0760,倉
wxz,0761,神
wxz,0763,疝
wxz,0765,蹼
wxz,0766,恂
wxz,0767,江
wxz,0768,票
wxz,0769,昵
wxz,0770,悲
wxz,0772,弁
wxz,0774,稿
wxz,0776,瀑
wxz,0777,且
wxz,0780,謠
wxz,0781,包
wxz,0784,惜
wxz,3359,漆
wxz,0787,鲮
wxz,0788,傀
wxz,0790,探
wxz,0791,話
wxz,0794,嵌
wxz,0796,養
wxz,0797,炊
wxz,0798,蔽
wxz,0799,醐
wxz,0800,酵
wxz,0801,冒
wxz,2596,辣
wxz,0805,丁
wxz,0808,笔
wxz,0809,彭
wxz,0811,哭
wxz,0814,陰
wxz,3542,轎
wxz,0816,蕎
wxz,0822,熵
wxz,0823,哼
wxz,0825,詣
wxz,0826,楚
wxz,0827,涸
wxz,0829,皙
wxz,3971,把
wxz,0832,醣
wxz,2585,者
wxz,0834,羚
wxz,0835,構
wxz,0838,郴
wxz,0839,卵
wxz,0840,奢
wxz,0841,拼
wxz,0842,恭
wxz,0843,蹬
wxz,0844,鳕
wxz,0845,番
wxz,0849,景
wxz,0851,迅
wxz,0853,摩
wxz,3485,芳
wxz,0858,柔
wxz,0860,霸
wxz,0861,辛
wxz,0866,環
wxz,0868,慰
wxz,2475,麟
wxz,0871,倫
wxz,0879,劭
wxz,0883,寧
wxz,0885,嚆
wxz,0887,慷
wxz,0888,堵
wxz,0891,聖
wxz,0892,蓉
wxz,0894,徽
wxz,0895,猬
wxz,0896,蟋
wxz,0897,裔
wxz,0898,妹
wxz,0899,桁
wxz,0900,鉑
wxz,0905,琵
wxz,0908,選
wxz,0909,膝
wxz,0910,偽
wxz,2074,快
wxz,0913,急
wxz,0914,割
wxz,0915,憐
wxz,0916,瘁
wxz,0917,缺
wxz,0918,倍
wxz,0923,朔
wxz,0924,樽
wxz,0926,確
wxz,0927,嘶
wxz,0929,輔
wxz,0933,守
wxz,0934,沆
wxz,0937,賠
wxz,0940,橈
wxz,0942,渥
wxz,0943,逆
wxz,0944,曜
wxz,0945,逾
wxz,0947,咒
wxz,0948,踏
wxz,0950,晶
wxz,0953,抑
wxz,0955,卯
wxz,0956,疥
wxz,0957,擲
wxz,0959,魄
wxz,0961,咄
wxz,0962,蟾
wxz,0965,去
wxz,0966,豚
wxz,0967,溢
wxz,0971,花
wxz,0972,睬
wxz,0973,拔
wxz,0975,壕
wxz,0976,葫
wxz,0977,吃
wxz,0981,磊
wxz,0983,姓
wxz,0985,酷
wxz,0986,瑜
wxz,0987,换
wxz,0988,嘀
wxz,0989,潺
wxz,0990,具
wxz,0991,年
wxz,0997,吮
wxz,0998,绸
wxz,0999,伊
wxz,1004,帽
wxz,1005,雁
wxz,1007,窄
wxz,1010,糙
wxz,1011,挫
wxz,1012,種
wxz,1016,鲛
wxz,1018,酯
wxz,1021,裸
wxz,1022,扮
wxz,1025,踵
wxz,1027,倪
wxz,1029,亨
wxz,1030,邊
wxz,1032,凉
wxz,1033,仿
wxz,1034,雷
wxz,1039,称
wxz,1040,希
wxz,1041,唼
wxz,1043,掠
wxz,1044,呵
wxz,1045,蹶
wxz,1046,迦
wxz,1047,院
wxz,1049,浜
wxz,1051,史
wxz,1054,珀
wxz,1055,蛟
wxz,1057,嗒
wxz,1058,瑾
wxz,1059,蜿
wxz,1060,特
wxz,1064,氟
wxz,1065,旭
wxz,1066,筱
wxz,1067,逮
wxz,1068,巷
wxz,1071,奉
wxz,1072,諒
wxz,1074,悌
wxz,1075,左
wxz,1076,蛤
wxz,3773,荷
wxz,1079,哩
wxz,1082,蚌
wxz,1084,識
wxz,1085,粲
wxz,1086,禧
wxz,1089,配
wxz,1091,胖
wxz,1095,星
wxz,1096,摺
wxz,1097,蕙
wxz,1098,吧
wxz,3073,斜
wxz,1104,象
wxz,1105,逍
wxz,1107,霖
wxz,1109,展
wxz,1111,瀨
wxz,1112,雪
wxz,1115,菏
wxz,1116,濟
wxz,1117,碩
wxz,1118,豫
wxz,1120,邁
wxz,1121,茨
wxz,1125,霓
wxz,1128,勘
wxz,1129,满
wxz,1130,拘
wxz,1132,丸
wxz,1133,妙
wxz,1134,螫
wxz,1135,浴
wxz,1138,盎
wxz,1139,扉
wxz,1142,弗
wxz,1143,專
wxz,1149,啪
wxz,1150,伍
wxz,1153,電
wxz,1154,卉
wxz,1156,請
wxz,1157,鄴
wxz,4342,全
wxz,1159,爺
wxz,1160,遼
wxz,1161,坐
wxz,1162,衅
wxz,2532,粥
wxz,1165,宵
wxz,1166,哦
wxz,1169,珈
wxz,1170,酉
wxz,1171,坑
wxz,1172,毛
wxz,1174,何
wxz,1175,永
wxz,1180,吊
wxz,1181,功
wxz,1182,瓚
wxz,1186,飲
wxz,1189,奴
wxz,1191,涨
wxz,1192,嘞
wxz,1194,衍
wxz,1200,疑
wxz,1201,成
wxz,1203,熟
wxz,1204,染
wxz,1205,客
wxz,1206,判
wxz,1207,引
wxz,1209,结
wxz,1210,蝴
wxz,1211,娥
wxz,1213,伽
wxz,1214,襦
wxz,1215,拉
wxz,1216,潢
wxz,1217,報
wxz,1219,奘
wxz,1222,徊
wxz,1224,胞
wxz,1229,劣
wxz,1230,腰
wxz,1231,夫
wxz,1234,歪
wxz,1236,朱
wxz,1237,泵
wxz,1242,酥
wxz,1246,装
wxz,1249,變
wxz,1250,后
wxz,1251,堰
wxz,1257,暖
wxz,4772,育
wxz,1259,冶
wxz,1260,捺
wxz,1263,旁
wxz,1264,澤
wxz,1266,倒
wxz,1268,憲
wxz,1269,右
wxz,1272,奶
wxz,1275,詛
wxz,1276,寓
wxz,1278,町
wxz,1279,稼
wxz,1285,粒
wxz,1289,瑟
wxz,1290,存
wxz,1291,權
wxz,1292,措
wxz,1293,驕
wxz,1294,摇
wxz,1295,火
wxz,1296,猩
wxz,1298,却
wxz,1300,程
wxz,1302,意
wxz,1303,韵
wxz,1307,裱
wxz,1308,杭
wxz,1310,裂
wxz,1313,垒
wxz,1316,撰
wxz,1317,汶
wxz,1318,泥
wxz,1319,炯
wxz,1321,梗
wxz,1324,頒
wxz,1327,祥
wxz,1328,鲁
wxz,1329,睹
wxz,1330,屠
wxz,1331,馥
wxz,1334,疆
wxz,1337,丞
wxz,1339,柱
wxz,1340,辟
wxz,1341,釋
wxz,1343,编
wxz,1344,鳎
wxz,1347,匾
wxz,1352,伫
wxz,1353,懈
wxz,1355,船
wxz,1357,蜥
wxz,1359,蔚
wxz,1361,崧
wxz,1364,砸
wxz,1366,怒
wxz,1372,庇
wxz,1373,痿
wxz,1374,溱
wxz,1378,焖
wxz,1379,恍
wxz,1380,淄
wxz,1381,碌
wxz,1382,萱
wxz,1384,原
wxz,1385,匪
wxz,1386,桌
wxz,1387,互
wxz,1388,壁
wxz,1389,河
wxz,1391,呦
wxz,1392,隧
wxz,1393,獾
wxz,1394,宜
wxz,1395,榛
wxz,1400,蟑
wxz,1403,睁
wxz,1404,鉦
wxz,1405,驛
wxz,1406,1
wxz,1409,霜
wxz,1410,礫
wxz,1412,楷
wxz,1413,盖
wxz,1417,姑
wxz,1421,經
wxz,1422,騰
wxz,1423,柒
wxz,1425,泄
wxz,1426,司
wxz,1427,细
wxz,1428,余
wxz,1431,恒
wxz,1432,削
wxz,1435,只
wxz,1436,陟
wxz,1437,座
wxz,1438,感
wxz,1439,岡
wxz,1440,勸
wxz,1441,愧
wxz,1446,啜
wxz,1449,過
wxz,1451,來
wxz,1454,咧
wxz,1456,接
wxz,1457,衫
wxz,1458,候
wxz,1460,哽
wxz,1461,靂
wxz,1462,媛
wxz,1465,享
wxz,3639,即
wxz,1468,拾
wxz,1469,爆
wxz,1470,券
wxz,1472,忤
wxz,1473,肚
wxz,1474,菟
wxz,1475,蜜
wxz,1476,硼
wxz,1477,幅
wxz,1480,恣
wxz,1481,般
wxz,1484,勵
wxz,1485,煲
wxz,1487,望
wxz,1488,技
wxz,1489,芽
wxz,1490,勉
wxz,1491,伶
wxz,1496,幣
wxz,1498,杰
wxz,1499,瞒
wxz,1501,喝
wxz,1503,恰
wxz,1505,滋
wxz,1508,攸
wxz,1509,辯
wxz,1510,福
wxz,1511,魁
wxz,1512,蓮
wxz,1513,概
wxz,1517,条
wxz,1520,勤
wxz,1522,標
wxz,1523,硒
wxz,3362,於
wxz,1526,凸
wxz,1527,談
wxz,1528,式
wxz,1532,榮
wxz,1533,逃
wxz,1536,幼
wxz,1537,泰
wxz,1539,詞
wxz,1540,征
wxz,1541,坦
wxz,1542,汹
wxz,1546,喉
wxz,1550,阡
wxz,1552,濡
wxz,1554,譴
wxz,1560,饃
wxz,1561,懿
wxz,1562,霍
wxz,1564,樵
wxz,1567,辰
wxz,1571,溯
wxz,1574,偕
wxz,1575,娶
wxz,1577,王
wxz,1579,咔
wxz,1582,躺
wxz,1588,糯
wxz,1590,墅
wxz,1591,虔
wxz,1592,翎
wxz,1593,瘙
wxz,1594,努
wxz,1595,舜
wxz,1597,娣
wxz,1598,鱸
wxz,1603,缝
wxz,1604,慎
wxz,1608,硅
wxz,1609,懂
wxz,1610,瘟
wxz,1611,祺
wxz,4825,跟
wxz,1614,害
wxz,1615,累
wxz,1617,渾
wxz,1619,穗
wxz,1620,糟
wxz,1622,淬
wxz,1623,籍
wxz,1626,迩
wxz,1627,相
wxz,1629,琶
wxz,1631,娃
wxz,1632,童
wxz,1633,拜
wxz,1634,出
wxz,1638,打
wxz,1640,序
wxz,1644,胎
wxz,1645,喹
wxz,1646,板
wxz,2180,蜂
wxz,1650,鐸
wxz,1651,牛
wxz,1652,棵
wxz,1654,郭
wxz,1657,抖
wxz,1658,少
wxz,1659,嵬
wxz,1660,村
wxz,1661,捅
wxz,1663,纯
wxz,1664,陷
wxz,1666,謀
wxz,1668,厢
wxz,1669,艾
wxz,1671,冥
wxz,1673,璉
wxz,1676,次
wxz,1679,酮
wxz,1683,艇
wxz,1685,梵
wxz,1686,稷
wxz,1688,蛋
wxz,1690,瑛
wxz,1695,炳
wxz,1698,兵
wxz,1700,冬
wxz,2570,到
wxz,1704,檐
wxz,1710,普
wxz,1711,喋
wxz,1716,痔
wxz,1719,拓
wxz,1721,嘻
wxz,1725,皖
wxz,1726,唁
wxz,1727,陵
wxz,1728,謊
wxz,1729,辱
wxz,1734,皋
wxz,1735,煤
wxz,1737,焚
wxz,1738,汝
wxz,1745,蛛
wxz,1749,噶
wxz,1756,伺
wxz,1757,枚
wxz,1761,濃
wxz,1762,笙
wxz,1763,倭
wxz,1764,黑
wxz,1770,彰
wxz,1771,束
wxz,1775,喔
wxz,1777,勇
wxz,1778,廓
wxz,1779,瘴
wxz,1780,迢
wxz,1781,圾
wxz,1782,粘
wxz,1791,鹊
wxz,1792,尬
wxz,1793,稳
wxz,1794,哈
wxz,1798,銑
wxz,1800,托
wxz,1801,鏢
wxz,1802,萄
wxz,1806,外
wxz,1807,彝
wxz,1808,敷
wxz,1809,胃
wxz,1811,牲
wxz,1814,既
wxz,1815,汞
wxz,1816,耀
wxz,1817,嗚
wxz,1819,貸
wxz,1820,哺
wxz,1821,崇
wxz,1822,碎
wxz,1824,囤
wxz,1825,翅
wxz,1827,磐
wxz,1828,雙
wxz,1829,炭
wxz,1831,傅
wxz,1833,倡
wxz,1834,貌
wxz,1835,嶂
wxz,1840,疙
wxz,1842,解
wxz,1843,函
wxz,1844,馨
wxz,1846,偉
wxz,1847,遵
wxz,1851,漠
wxz,1852,癌
wxz,1853,窘
wxz,1857,贮
wxz,1860,奚
wxz,2009,浙
wxz,1865,賦
wxz,1869,地
wxz,1871,携
wxz,1872,挖
wxz,1873,腥
wxz,1878,媚
wxz,1879,漢
wxz,1880,饅
wxz,1886,莘
wxz,1888,喑
wxz,1892,鍾
wxz,1895,謂
wxz,1898,尾
wxz,1900,鬼
wxz,1904,菁
wxz,1905,决
wxz,1907,亭
wxz,1916,貨
wxz,1917,隆
wxz,1918,搜
wxz,1919,址
wxz,1920,袱
wxz,1921,固
wxz,1923,刮
wxz,1924,柯
wxz,1925,桔
wxz,1926,召
wxz,1931,粮
wxz,1933,怖
wxz,1934,駝
wxz,1937,滚
wxz,1938,蛀
wxz,3167,子
wxz,1942,迎
wxz,1943,螳
wxz,1945,逅
wxz,1946,跳
wxz,1948,尻
wxz,1951,鑄
wxz,1954,晨
wxz,1955,碑
wxz,1956,惘
wxz,1957,邕
wxz,1958,擦
wxz,1964,服
wxz,1967,遮
wxz,1970,休
wxz,1972,走
wxz,1977,兢
wxz,1979,徐
wxz,1982,顯
wxz,3350,系
wxz,1984,醉
wxz,1986,漕
wxz,1987,略
wxz,1992,涵
wxz,1994,付
wxz,1996,乘
wxz,1997,撤
wxz,2000,钟
wxz,2002,狗
wxz,2003,震
wxz,2004,浸
wxz,2005,萬
wxz,2007,襟
wxz,2013,昶
wxz,2014,忉
wxz,2015,多
wxz,2016,龜
wxz,2021,褚
wxz,2022,需
wxz,2023,祁
wxz,2025,可
wxz,2026,奸
wxz,2028,炎
wxz,2029,捆
wxz,2031,草
wxz,2032,璋
wxz,2041,筋
wxz,2043,捏
wxz,2044,騎
wxz,2046,津
wxz,2047,碰
wxz,2048,匈
wxz,2051,潭
wxz,2053,稔
wxz,2054,伴
wxz,2058,猪
wxz,2059,占
wxz,2060,喜
wxz,2061,焦
wxz,2063,嗯
wxz,2064,脚
wxz,2065,向
wxz,2066,應
wxz,2067,粉
wxz,2069,卧
wxz,2071,檀
wxz,2075,掩
wxz,2077,渡
wxz,4620,才
wxz,2079,鞠
wxz,2080,航
wxz,2081,振
wxz,2089,衢
wxz,2090,膺
wxz,2095,狡
wxz,2096,惝
wxz,2097,圈
wxz,2102,臼
wxz,2103,理
wxz,2105,杞
wxz,2108,擾
wxz,2110,椰
wxz,2111,得
wxz,2113,蒲
wxz,2114,必
wxz,2117,络
wxz,2118,壳
wxz,2119,噬
wxz,2120,日
wxz,2123,侵
wxz,2124,惕
wxz,2125,誥
wxz,2127,啥
wxz,2128,够
wxz,2129,佑
wxz,2130,荒
wxz,2132,祓
wxz,2138,痒
wxz,2139,憩
wxz,2140,擒
wxz,2143,嘆
wxz,2145,肩
wxz,2146,作
wxz,2148,元
wxz,2776,度
wxz,2152,棍
wxz,2153,愫
wxz,2154,鱿
wxz,2156,憋
wxz,2158,隍
wxz,2160,煞
wxz,2163,记
wxz,2166,瞩
wxz,2167,不
wxz,2169,蜩
wxz,2172,煌
wxz,2173,尼
wxz,2178,儼
wxz,2182,淑
wxz,2183,皎
wxz,2186,琉
wxz,2187,踩
wxz,2188,吆
wxz,2193,鞋
wxz,2194,恤
wxz,2196,橙
wxz,2197,橘
wxz,2201,卦
wxz,2203,俠
wxz,2206,東
wxz,2208,朕
wxz,2210,矩
wxz,2211,撑
wxz,2213,鲜
wxz,2214,界
wxz,2215,悸
wxz,2216,源
wxz,2219,藏
wxz,2222,層
wxz,2223,看
wxz,2224,并
wxz,2226,噌
wxz,2232,切
wxz,2234,碗
wxz,2236,俺
wxz,2242,矮
wxz,2244,澳
wxz,2245,凭
wxz,2246,脾
wxz,2247,燔
wxz,2248,色
wxz,2249,慌
wxz,2251,砂
wxz,2252,据
wxz,2255,妮
wxz,2256,璞
wxz,2257,衡
wxz,2260,綦
wxz,2261,運
wxz,2267,敬
wxz,2268,踝
wxz,2269,瑞
wxz,2272,透
wxz,2274,機
wxz,2275,蒋
wxz,2278,泓
wxz,2281,矗
wxz,2290,鳝
wxz,2291,證
wxz,2293,哲
wxz,2294,镇
wxz,2296,厝
wxz,2298,陂
wxz,2301,苑
wxz,2303,踢
wxz,2305,窍
wxz,2306,汾
wxz,2307,惺
wxz,2308,喊
wxz,2309,瓜
wxz,2310,绿
wxz,2311,近
wxz,2312,譚
wxz,2315,悍
wxz,2316,卑
wxz,2317,抄
wxz,2321,抒
wxz,2322,軟
wxz,2329,桂
wxz,2332,抗
wxz,2339,歷
wxz,2340,介
wxz,2343,賑
wxz,2345,洲
wxz,2348,璇
wxz,2350,朵
wxz,2354,鑽
wxz,2356,梦
wxz,2359,纂
wxz,2360,鲍
wxz,2362,手
wxz,4099,彈
wxz,2364,拍
wxz,2370,俯
wxz,2371,莞
wxz,2372,绝
wxz,2374,莎
wxz,2376,祀
wxz,2378,鳃
wxz,2381,握
wxz,2382,悉
wxz,2386,蟒
wxz,2391,埠
wxz,2392,矯
wxz,2393,膏
wxz,2394,乃
wxz,2396,盼
wxz,2398,幄
wxz,2399,勾
wxz,2400,融
wxz,2403,几
wxz,2405,性
wxz,2407,缸
wxz,2408,殖
wxz,2409,疸
wxz,2411,慣
wxz,2415,訥
wxz,2416,题
wxz,2419,着
wxz,2421,浪
wxz,2422,燴
wxz,2423,桓
wxz,2424,徑
wxz,2425,湄
wxz,2426,窠
wxz,2427,碾
wxz,2430,庭
wxz,2431,哆
wxz,2432,嗪
wxz,2433,纺
wxz,2434,四
wxz,2435,身
wxz,2440,邑
wxz,2444,寰
wxz,2447,屹
wxz,2448,拙
wxz,2451,貂
wxz,2453,奮
wxz,2455,隙
wxz,2457,绪
wxz,2458,舞
wxz,2460,迫
wxz,2461,聚
wxz,2462,碱
wxz,2463,企
wxz,2464,醭
wxz,2469,鑾
wxz,2470,潜
wxz,2472,調
wxz,2473,焙
wxz,4955,婚
wxz,2477,女
wxz,2483,敲
wxz,2486,饉
wxz,3289,筒
wxz,2489,蔻
wxz,2493,棋
wxz,2497,苟
wxz,2499,渠
wxz,2500,肘
wxz,2501,皺
wxz,2504,素
wxz,2505,述
wxz,2508,古
wxz,2509,嗽
wxz,2510,撕
wxz,2512,街
wxz,2516,前
wxz,2519,准
wxz,2520,僑
wxz,2524,像
wxz,2525,蟹
wxz,2526,嘌
wxz,4469,泛
wxz,2530,智
wxz,2534,懊
wxz,2535,類
wxz,2536,妻
wxz,2538,幸
wxz,2539,耶
wxz,2540,簸
wxz,2550,牡
wxz,2552,媽
wxz,2554,婉
wxz,2555,櫟
wxz,2558,康
wxz,2562,邀
wxz,2563,嚼
wxz,2564,呀
wxz,2565,舰
wxz,2569,執
wxz,2571,袋
wxz,2572,他
wxz,2575,佗
wxz,2576,添
wxz,2577,改
wxz,2578,髻
wxz,2579,的
wxz,2580,炬
wxz,2584,鲸
wxz,2590,伎
wxz,2591,枕
wxz,2595,賬
wxz,2597,豪
wxz,2601,罐
wxz,2603,旺
wxz,2606,命
wxz,2607,遣
wxz,2608,闪
wxz,2610,涫
wxz,2612,宴
wxz,2614,寄
wxz,2615,递
wxz,2618,沉
wxz,2620,螭
wxz,2621,課
wxz,2622,怎
wxz,5113,春
wxz,2626,湾
wxz,2628,嬉
wxz,2629,飾
wxz,2631,晤
wxz,2634,敕
wxz,2636,磷
wxz,2637,芮
wxz,2638,其
wxz,2642,争
wxz,2643,屎
wxz,2644,誕
wxz,2648,缚
wxz,2650,都
wxz,2651,喬
wxz,2652,罕
wxz,2653,耔
wxz,2656,羅
wxz,2658,摘
wxz,2659,碟
wxz,2660,疾
wxz,2663,逗
wxz,2664,尊
wxz,2666,氨
wxz,2668,剃
wxz,2670,趣
wxz,2671,激
wxz,2673,茗
wxz,2674,括
wxz,2676,麂
wxz,2678,媒
wxz,2683,篇
wxz,2684,扶
wxz,2685,跋
wxz,2687,鄞
wxz,2689,醋
wxz,2690,驃
wxz,2691,荆
wxz,2693,昌
wxz,2694,腱
wxz,2695,鲤
wxz,2697,造
wxz,2698,厘
wxz,2702,樂
wxz,2703,城
wxz,2707,似
wxz,2708,獨
wxz,5177,易
wxz,2711,濠
wxz,2712,扣
wxz,2713,居
wxz,2717,氆
wxz,2718,痕
wxz,2719,這
wxz,2723,肇
wxz,2728,儡
wxz,2730,律
wxz,2734,欠
wxz,2735,蠊
wxz,2736,栓
wxz,2737,箭
wxz,2738,閣
wxz,2740,副
wxz,2741,乙
wxz,2742,按
wxz,2744,葱
wxz,2747,荻
wxz,2748,好
wxz,3765,赢
wxz,2750,爬
wxz,2752,参
wxz,2753,酱
wxz,2757,筷
wxz,2760,仲
wxz,2763,温
wxz,2767,痹
wxz,2769,蟬
wxz,2770,諸
wxz,2772,珍
wxz,2775,庫
wxz,2777,致
wxz,2778,站
wxz,2780,姿
wxz,2784,伸
wxz,2785,皓
wxz,2786,逐
wxz,2788,隶
wxz,2789,葵
wxz,2794,申
wxz,2800,洼
wxz,2801,傾
wxz,2804,謝
wxz,2806,跨
wxz,2807,姜
wxz,2808,析
wxz,2813,奖
wxz,2816,婆
wxz,2817,根
wxz,2818,筠
wxz,2819,狒
wxz,2820,諧
wxz,2824,舊
wxz,2828,联
wxz,2829,穿
wxz,2830,垣
wxz,2832,憎
wxz,2834,瀛
wxz,2835,芙
wxz,2837,樓
wxz,2841,鷺
wxz,2842,晃
wxz,2843,常
wxz,2844,呈
wxz,2848,契
wxz,2849,階
wxz,2851,厕
wxz,2854,澈
wxz,2856,西
wxz,2858,人
wxz,2860,宇
wxz,2861,撩
wxz,2862,万
wxz,2864,隈
wxz,2865,峨
wxz,2867,己
wxz,2868,找
wxz,2870,鳍
wxz,2872,雯
wxz,2873,痼
wxz,2874,攔
wxz,2875,杖
wxz,2876,树
wxz,2878,终
wxz,2879,南
wxz,2880,熠
wxz,2882,墩
wxz,2883,朗
wxz,2885,型
wxz,2887,蟆
wxz,2894,夕
wxz,2896,禁
wxz,2899,瞅
wxz,2900,排
wxz,2901,郫
wxz,2902,茁
wxz,2904,抵
wxz,2906,陆
wxz,2907,脆
wxz,2912,梳
wxz,2913,状
wxz,2915,故
wxz,2919,大
wxz,2920,疯
wxz,2924,赞
wxz,2926,拷
wxz,2927,溝
wxz,2930,玫
wxz,2932,歌
wxz,2934,抱
wxz,2936,艱
wxz,2937,尴
wxz,2938,偏
wxz,2940,绽
wxz,2943,物
wxz,2946,菹
wxz,2948,消
wxz,2949,席
wxz,2950,窖
wxz,2953,涂
wxz,2954,乖
wxz,2959,筏
wxz,2961,涌
wxz,2965,碘
wxz,2967,牒
wxz,2968,汴
wxz,2969,崎
wxz,2970,耙
wxz,2973,冗
wxz,2974,忽
wxz,2976,苗
wxz,2980,滄
wxz,2981,班
wxz,2982,债
wxz,2983,網
wxz,2988,摹
wxz,2990,誠
wxz,2991,遇
wxz,2992,欲
wxz,2993,唧
wxz,2995,賽
wxz,2996,瑁
wxz,2998,瑙
wxz,3001,缩
wxz,3002,螈
wxz,3004,疗
wxz,3005,腕
wxz,3007,椅
wxz,3009,肛
wxz,3010,伉
wxz,3012,磨
wxz,3014,俊
wxz,3015,吱
wxz,3016,昆
wxz,3017,公
wxz,3018,波
wxz,3020,密
wxz,3021,傣
wxz,3022,硬
wxz,3023,策
wxz,3024,閉
wxz,3025,仍
wxz,3027,敵
wxz,3031,呢
wxz,3032,俾
wxz,3033,珠
wxz,3038,擠
wxz,3042,虐
wxz,3044,嫡
wxz,3045,境
wxz,3046,撒
wxz,3047,涔
wxz,3048,予
wxz,3049,衷
wxz,3051,惋
wxz,3054,詠
wxz,3055,示
wxz,3056,傍
wxz,3059,敏
wxz,3060,抹
wxz,3063,P
wxz,3065,擘
wxz,3067,餘
wxz,3070,遐
wxz,3077,惲
wxz,3078,恐
wxz,3084,赦
wxz,3088,怦
wxz,3090,焊
wxz,3092,使
wxz,3095,杠
wxz,3103,膨
wxz,3104,至
wxz,3113,蹋
wxz,3114,褲
wxz,3118,烤
wxz,3121,嘱
wxz,3122,佛
wxz,3123,祚
wxz,3127,厩
wxz,3129,伏
wxz,3130,歇
wxz,3131,乳
wxz,3132,衛
wxz,3133,庶
wxz,3135,蔑
wxz,3136,建
wxz,3137,劫
wxz,3139,鱼
wxz,3142,卸
wxz,3145,合
wxz,3146,箕
wxz,3147,頁
wxz,3149,燕
wxz,3150,勃
wxz,3155,品
wxz,3156,施
wxz,3157,忠
wxz,3158,纠
wxz,3160,果
wxz,3161,疲
wxz,3162,撲
wxz,3163,坪
wxz,3168,狄
wxz,3171,插
wxz,3173,撇
wxz,3174,嘩
wxz,3176,蜃
wxz,3177,滁
wxz,3179,沐
wxz,3184,瞰
wxz,3186,啼
wxz,3187,阱
wxz,3188,歧
wxz,3191,奏
wxz,3194,愈
wxz,3195,唱
wxz,3197,菊
wxz,3198,靛
wxz,3199,石
wxz,3200,娜
wxz,3201,磚
wxz,3202,從
wxz,3205,砰
wxz,3206,垢
wxz,3207,折
wxz,3210,陳
wxz,3212,填
wxz,3214,效
wxz,3216,妆
wxz,3218,久
wxz,3227,儂
wxz,3232,躍
wxz,3233,短
wxz,3234,空
wxz,3235,益
wxz,3237,方
wxz,3238,鄢
wxz,3239,留
wxz,3240,傷
wxz,3241,篆
wxz,3245,殲
wxz,3246,鹽
wxz,3249,憨
wxz,3250,敞
wxz,3252,驢
wxz,3255,阪
wxz,3256,府
wxz,3259,貊
wxz,3260,是
wxz,3261,工
wxz,3262,魍
wxz,3263,渝
wxz,3264,噔
wxz,3266,您
wxz,3267,詢
wxz,3270,弘
wxz,3276,瑚
wxz,3277,洞
wxz,3279,莽
wxz,3280,徒
wxz,3282,金
wxz,3283,譙
wxz,3284,遴
wxz,3288,她
wxz,3290,循
wxz,3293,啤
wxz,3294,仗
wxz,3297,押
wxz,3299,熙
wxz,3300,梏
wxz,3303,滌
wxz,3304,丘
wxz,3305,青
wxz,3306,稠
wxz,3307,掏
wxz,3309,澧
wxz,3313,僧
wxz,3314,袁
wxz,3316,杨
wxz,3318,威
wxz,3319,濾
wxz,3320,窑
wxz,3321,呷
wxz,3325,殉
wxz,3326,香
wxz,3328,嗜
wxz,3333,苔
wxz,3338,料
wxz,3339,悴
wxz,3340,挪
wxz,3341,鲫
wxz,3345,悚
wxz,3348,剁
wxz,3351,彬
wxz,3352,煽
wxz,3354,條
wxz,3356,仕
wxz,3358,三
wxz,3360,拴
wxz,3361,聘
wxz,3363,濂
wxz,3364,氰
wxz,3365,雄
wxz,3367,竣
wxz,3368,啃
wxz,3371,貼
wxz,3372,均
wxz,3373,袍
wxz,3374,影
wxz,3375,蝰
wxz,4203,充
wxz,3378,叟
wxz,3379,榴
wxz,3381,寝
wxz,3382,濱
wxz,3385,幢
wxz,3386,气
wxz,3387,姚
wxz,3388,屋
wxz,3389,間
wxz,3390,豆
wxz,3391,卓
wxz,3393,遥
wxz,3394,毫
wxz,3397,尺
wxz,3398,拖
wxz,3400,供
wxz,3401,沱
wxz,3402,迷
wxz,3403,咽
wxz,3405,駱
wxz,3407,蘇
wxz,3408,行
wxz,3415,甚
wxz,3417,肽
wxz,3420,怡
wxz,3421,也
wxz,3423,升
wxz,3426,耨
wxz,3427,愠
wxz,3433,鉴
wxz,3434,等
wxz,3438,眈
wxz,3441,梅
wxz,3447,謙
wxz,3448,蜞
wxz,3452,疤
wxz,3455,買
wxz,3459,晟
wxz,3464,咱
wxz,3465,睥
wxz,3467,中
wxz,3470,拆
wxz,5197,胸
wxz,3472,私
wxz,3474,盒
wxz,3475,戳
wxz,3476,砥
wxz,3478,搏
wxz,3479,鋪
wxz,3481,泳
wxz,3482,梨
wxz,3484,被
wxz,3486,淙
wxz,3487,軒
wxz,3492,螟
wxz,3493,怨
wxz,3495,嗔
wxz,3496,輪
wxz,3497,戲
wxz,3499,拯
wxz,3500,港
wxz,3501,恩
wxz,3503,卞
wxz,3504,襞
wxz,3934,忙
wxz,3511,葭
wxz,3512,當
wxz,3514,嗨
wxz,3516,臆
wxz,3523,健
wxz,3526,架
wxz,3528,朴
wxz,3530,尚
wxz,3531,沛
wxz,3539,頻
wxz,3540,躇
wxz,3541,瞥
wxz,3543,爨
wxz,3544,野
wxz,3545,和
wxz,3547,重
wxz,3552,署
wxz,3553,武
wxz,3554,個
wxz,3555,政
wxz,3556,刺
wxz,3561,欣
wxz,3562,驅
wxz,3564,吹
wxz,3566,趾
wxz,3568,爛
wxz,3569,盈
wxz,3571,鼠
wxz,3572,含
wxz,3574,餓
wxz,3575,逸
wxz,3577,歡
wxz,3578,義
wxz,3581,很
wxz,3582,蜓
wxz,3583,任
wxz,3586,陡
wxz,3587,乾
wxz,3588,禹
wxz,3589,蘭
wxz,3590,鳔
wxz,3591,储
wxz,3593,拱
wxz,3595,擁
wxz,3596,母
wxz,3599,批
wxz,3600,埃
wxz,3601,屯
wxz,3602,登
wxz,3603,寅
wxz,3604,十
wxz,3605,周
wxz,3606,惟
wxz,3607,賄
wxz,3608,喃
wxz,3609,謨
wxz,3613,世
wxz,3614,耐
wxz,3615,凄
wxz,3616,跑
wxz,3618,刑
wxz,3620,腓
wxz,3622,聊
wxz,3623,蕃
wxz,3624,憬
wxz,3626,灘
wxz,3633,父
wxz,3635,纛
wxz,3636,唔
wxz,3637,壑
wxz,3640,逞
wxz,3641,复
wxz,3644,微
wxz,3646,計
wxz,3647,句
wxz,3648,封
wxz,3650,又
wxz,3652,毡
wxz,3654,心
wxz,3676,痘
wxz,3659,蝶
wxz,3660,牙
wxz,3661,拈
wxz,3662,趁
wxz,3663,錦
wxz,3665,汛
wxz,3670,奠
wxz,3680,本
wxz,3682,蒙
wxz,3683,椿
wxz,3684,球
wxz,3685,焰
wxz,3688,尖
wxz,3689,所
wxz,3690,巴
wxz,3694,冠
wxz,3697,尔
wxz,3700,浩
wxz,3702,秤
wxz,3704,舍
wxz,3705,葬
wxz,3706,驗
wxz,3708,馮
wxz,3713,銃
wxz,3714,羡
wxz,3715,宥
wxz,3717,壽
wxz,3718,孕
wxz,3719,驚
wxz,3722,扯
wxz,3723,御
wxz,3725,秋
wxz,3727,信
wxz,3730,冀
wxz,3731,國
wxz,3734,枉
wxz,3736,缓
wxz,3738,蹰
wxz,3739,笋
wxz,3740,奔
wxz,3741,噫
wxz,3743,偌
wxz,3748,棺
wxz,3749,廟
wxz,3750,待
wxz,3753,磅
wxz,3757,翔
wxz,3761,艘
wxz,3763,孫
wxz,3766,驍
wxz,3767,補
wxz,3768,售
wxz,3769,繪
wxz,3770,蛾
wxz,3771,笨
wxz,3772,蓝
wxz,3775,堇
wxz,3780,播
wxz,3782,捧
wxz,3783,煩
wxz,3786,肉
wxz,3787,輻
wxz,3788,潼
wxz,3794,閥
wxz,3796,截
wxz,3797,情
wxz,3800,指
wxz,3802,蹂
wxz,3803,兹
wxz,3804,郊
wxz,3805,红
wxz,3808,浦
wxz,3809,喘
wxz,3812,宕
wxz,3813,琛
wxz,3815,嘹
wxz,3816,璧
wxz,3818,濮
wxz,3820,狂
wxz,3824,痊
wxz,3827,求
wxz,3831,廉
wxz,3835,射
wxz,3848,唑
wxz,3849,鄰
wxz,3850,淼
wxz,3852,苯
wxz,3854,腙
wxz,3855,氯
wxz,3857,彪
wxz,3858,嗣
wxz,3859,岳
wxz,3863,峭
wxz,3867,虏
wxz,3869,嘲
wxz,3870,許
wxz,3871,熄
wxz,3873,夹
wxz,3875,沙
wxz,3878,轉
wxz,3879,燈
wxz,3882,早
wxz,3883,寐
wxz,3887,叛
wxz,3888,藩
wxz,3890,譯
wxz,3892,然
wxz,3894,捣
wxz,3896,哮
wxz,3898,库
wxz,3899,妓
wxz,3902,量
wxz,3904,剖
wxz,3905,憾
wxz,3912,减
wxz,3913,直
wxz,3917,食
wxz,3920,迄
wxz,3922,控
wxz,3923,媳
wxz,3926,答
wxz,3927,鐵
wxz,3928,冰
wxz,3929,勁
wxz,3931,嫩
wxz,3933,喙
wxz,3936,恨
wxz,3937,通
wxz,3939,曙
wxz,3942,瘰
wxz,3943,館
wxz,3948,逼
wxz,3950,侯
wxz,3951,局
wxz,3954,橄
wxz,3958,综
wxz,3960,嫌
wxz,3961,衙
wxz,3966,藥
wxz,3968,涓
wxz,3972,磬
wxz,3973,拒
wxz,3977,撼
wxz,3979,蛺
wxz,3980,睦
wxz,4311,著
wxz,3988,绥
wxz,3991,蜢
wxz,3998,詩
wxz,4001,烯
wxz,4002,煊
wxz,4005,柿
wxz,4007,椎
wxz,4008,目
wxz,4013,纱
wxz,4015,眉
wxz,4017,蒜
wxz,4021,幡
wxz,4022,百
wxz,4023,索
wxz,4024,想
wxz,4025,斐
wxz,4028,嘉
wxz,4032,仟
wxz,4033,廣
wxz,4034,洋
wxz,4036,艋
wxz,4039,电
wxz,4040,鲽
wxz,4041,哪
wxz,4047,噤
wxz,4049,楣
wxz,4051,耕
wxz,4053,渲
wxz,4054,柏
wxz,4055,屏
wxz,4057,遏
wxz,4059,钎
wxz,4062,葛
wxz,4063,柄
wxz,4068,喳
wxz,4103,深
wxz,4072,附
wxz,4073,庵
wxz,4077,壇
wxz,4079,龄
wxz,4080,妍
wxz,4082,奄
wxz,4084,髯
wxz,4085,肆
wxz,4087,痢
wxz,4088,瓦
wxz,4089,借
wxz,4090,邪
wxz,4100,贖
wxz,4102,疹
wxz,4107,郁
wxz,4108,裳
wxz,4109,卿
wxz,4110,暨
wxz,4111,哀
wxz,4112,儀
wxz,4116,迤
wxz,4117,拌
wxz,4118,囊
wxz,4119,惹
wxz,4128,宫
wxz,4129,寇
wxz,4137,弱
wxz,4138,狸
wxz,4144,呻
wxz,4145,反
wxz,4147,梧
wxz,4150,硫
wxz,4152,怛
wxz,4154,侮
wxz,4156,发
wxz,4157,褒
wxz,4159,鍔
wxz,4160,北
wxz,4164,教
wxz,4165,郝
wxz,4168,浣
wxz,4170,桶
wxz,4171,死
wxz,4172,玄
wxz,4173,栗
wxz,4174,酶
wxz,4175,祠
wxz,4176,莜
wxz,4178,水
wxz,4179,啁
wxz,4180,砼
wxz,4184,煎
wxz,4187,喏
wxz,4188,侗
wxz,4189,茅
wxz,4190,訴
wxz,4193,鄧
wxz,4194,韶
wxz,4197,抨
wxz,4198,横
wxz,4205,詐
wxz,4206,墙
wxz,4208,溏
wxz,4209,婧
wxz,4210,加
wxz,4213,期
wxz,4217,璐
wxz,4218,悦
wxz,4854,酒
wxz,4224,困
wxz,4225,蟻
wxz,4226,耻
wxz,4227,上
wxz,4228,暑
wxz,4231,翟
wxz,4233,材
wxz,4237,盹
wxz,4238,圆
wxz,4239,秘
wxz,4244,窃
wxz,4247,粹
wxz,4249,知
wxz,4250,踞
wxz,4252,藐
wxz,4254,床
wxz,4255,崩
wxz,4256,還
wxz,4257,仇
wxz,4258,商
wxz,4263,爪
wxz,4267,俐
wxz,4883,婦
wxz,4273,芍
wxz,4274,蹭
wxz,4276,沮
wxz,4277,嗅
wxz,4279,锭
wxz,4284,名
wxz,4285,稚
wxz,4287,仰
wxz,4295,願
wxz,4296,嵯
wxz,4299,呼
wxz,4301,蘸
wxz,4302,蹄
wxz,4303,兄
wxz,4304,滏
wxz,4306,明
wxz,4307,邢
wxz,4308,氧
wxz,4309,幛
wxz,4313,叩
wxz,4314,池
wxz,4316,姬
wxz,4317,尹
wxz,4318,獒
wxz,4319,針
wxz,4320,邂
wxz,4321,滴
wxz,4323,楂
wxz,4324,淘
wxz,4325,碼
wxz,4331,憂
wxz,4337,熏
wxz,4339,訓
wxz,4345,裘
wxz,4346,堅
wxz,4347,寡
wxz,4348,嘔
wxz,4351,革
wxz,4352,刷
wxz,4353,蔭
wxz,4354,匹
wxz,4355,髦
wxz,4357,偷
wxz,4359,糜
wxz,4363,翌
wxz,4364,擋
wxz,4366,岑
wxz,4367,鄙
wxz,4368,趴
wxz,4369,彤
wxz,4370,袖
wxz,4373,怏
wxz,4374,嗡
wxz,4381,语
wxz,4383,萍
wxz,4385,部
wxz,4386,後
wxz,4394,曾
wxz,4396,斤
wxz,4399,誘
wxz,4401,懌
wxz,4402,勖
wxz,4403,珊
wxz,4404,薈
wxz,4407,厥
wxz,4408,溺
wxz,4410,生
wxz,4411,祝
wxz,4413,慟
wxz,4415,玉
wxz,4416,雀
wxz,4418,伞
wxz,4419,畏
wxz,4422,噻
wxz,4426,竭
wxz,4427,注
wxz,4428,進
wxz,4429,靼
wxz,4430,軍
wxz,4439,竞
wxz,4440,燮
wxz,4441,拭
wxz,4443,咎
wxz,4444,翰
wxz,4445,噠
wxz,4447,玖
wxz,4449,察
wxz,4450,戴
wxz,4455,琿
wxz,4457,扒
wxz,4458,告
wxz,4459,泪
wxz,4460,沂
wxz,4462,章
wxz,4464,誦
wxz,4466,謹
wxz,4468,践
wxz,4470,捕
wxz,4473,免
wxz,4474,璀
wxz,4481,帝
wxz,4483,爸
wxz,4484,啾
wxz,4486,什
wxz,4490,住
wxz,4491,董
wxz,4494,羞
wxz,4497,質
wxz,4498,垛
wxz,4500,庸
wxz,4505,氛
wxz,4508,士
wxz,4510,喵
wxz,4511,祖
wxz,4512,布
wxz,4513,仙
wxz,4515,盆
wxz,4516,撬
wxz,4519,帚
wxz,4522,討
wxz,4527,琊
wxz,4533,假
wxz,4536,菱
wxz,4537,酌
wxz,4538,魑
wxz,4540,蛇
wxz,4545,委
wxz,4548,放
wxz,4550,弛
wxz,4553,汲
wxz,4554,澎
wxz,4558,動
wxz,4559,熔
wxz,4560,耦
wxz,4563,秉
wxz,4564,塞
wxz,4565,坡
wxz,4567,缀
wxz,4570,脯
wxz,4571,萃
wxz,4572,份
wxz,4573,佩
wxz,4576,扭
wxz,4579,扦
wxz,4581,帘
wxz,4582,唇
wxz,4590,寨
wxz,4591,眶
wxz,4592,瞬
wxz,4596,圖
wxz,4602,吸
wxz,4603,煉
wxz,4604,華
wxz,4607,崖
wxz,4610,钞
wxz,4611,简
wxz,4613,蠣
wxz,4614,勝
wxz,4616,叻
wxz,4618,桑
wxz,4619,薪
wxz,4626,邃
wxz,4631,晋
wxz,4634,莓
wxz,4636,洪
wxz,4637,羥
wxz,4638,号
wxz,4645,烟
wxz,4647,娑
wxz,4651,琅
wxz,4654,怵
wxz,4657,蹲
wxz,4661,兩
wxz,4663,燁
wxz,4664,制
wxz,4667,咕
wxz,4668,柳
wxz,4670,侄
wxz,4671,宸
wxz,4672,起
wxz,4674,離
wxz,4675,代
wxz,4680,禀
wxz,4682,蛊
wxz,4688,隅
wxz,4690,闕
wxz,4691,而
wxz,4692,時
wxz,4693,岱
wxz,4694,瞄
wxz,4695,另
wxz,4697,衬
wxz,4698,趟
wxz,4699,氮
wxz,4700,芭
wxz,4702,愚
wxz,4703,簇
wxz,4706,由
wxz,4709,艺
wxz,4710,陪
wxz,4713,挈
wxz,4718,帷
wxz,4720,篷
wxz,4721,凡
wxz,4723,裹
wxz,4726,泣
wxz,4728,肪
wxz,4730,昏
wxz,4733,泅
wxz,4735,箐
wxz,4736,檫
wxz,4738,態
wxz,4739,設
wxz,4740,臧
wxz,4743,夏
wxz,4744,欧
wxz,4746,嗎
wxz,4747,娟
wxz,4748,娘
wxz,4749,粢
wxz,4750,套
wxz,4751,了
wxz,4753,喇
wxz,4754,榷
wxz,4756,掉
wxz,4758,店
wxz,4759,白
wxz,4762,啄
wxz,4766,停
wxz,4768,醫
wxz,4769,蓁
wxz,4770,霄
wxz,4774,禺
wxz,4775,俏
wxz,4777,游
wxz,4778,林
wxz,4780,嘈
wxz,4790,詹
wxz,4792,虎
wxz,4794,就
wxz,4796,虧
wxz,4797,峡
wxz,4799,曲
wxz,4805,咻
wxz,4806,黜
wxz,4807,琪
wxz,4809,挽
wxz,4815,黔
wxz,4818,評
wxz,4820,喀
wxz,4821,幟
wxz,4822,肺
wxz,4823,頤
wxz,4828,瓏
wxz,4829,眼
wxz,4830,唐
wxz,4832,殷
wxz,4833,竟
wxz,4834,依
wxz,4836,稱
wxz,4837,捌
wxz,4838,鶇
wxz,4840,送
wxz,4842,潮
wxz,4844,蹦
wxz,4847,對
wxz,4848,耿
wxz,4851,岫
wxz,4853,窟
wxz,4855,麒
wxz,4859,卡
wxz,4860,隋
wxz,4862,洗
wxz,4863,閏
wxz,4864,輯
wxz,4865,邸
wxz,4868,溪
wxz,4869,睡
wxz,4872,雎
wxz,4873,汰
wxz,4878,卤
wxz,4880,橋
wxz,4882,爽
wxz,4888,缅
wxz,4889,幗
wxz,4891,灵
wxz,4897,光
wxz,4899,悔
wxz,4901,帕
wxz,4904,奥
wxz,4908,遑
wxz,4918,爐
wxz,4921,高
wxz,4925,研
wxz,4927,芹
wxz,4928,億
wxz,4930,缨
wxz,4932,咩
wxz,4934,紫
wxz,4935,溶
wxz,4938,盲
wxz,4940,務
wxz,4948,箔
wxz,4952,逛
wxz,4953,叠
wxz,4959,篤
wxz,4963,幌
wxz,4964,呐
wxz,4966,厨
wxz,4970,寸
wxz,4971,老
wxz,4973,泉
wxz,4974,嚨
wxz,4975,舒
wxz,4978,散
wxz,4979,否
wxz,4980,倔
wxz,4981,究
wxz,4984,刀
wxz,4988,琰
wxz,4990,慈
wxz,4993,褓
wxz,4994,暮
wxz,4995,撞
wxz,4998,面
wxz,5000,虞
wxz,5001,莉
wxz,5003,賺
wxz,5004,拶
wxz,5005,衿
wxz,5008,除
wxz,5009,惬
wxz,5011,菌
wxz,5012,禎
wxz,5013,鼎
wxz,5014,祜
wxz,5015,沓
wxz,5018,沅
wxz,5020,失
wxz,5021,招
wxz,5022,门
wxz,5024,宿
wxz,5025,芯
wxz,5026,蜻
wxz,5028,友
wxz,5029,疣
wxz,5030,檄
wxz,5031,履
wxz,5032,湛
wxz,5034,杜
wxz,5038,雜
wxz,5040,迪
wxz,5044,磕
wxz,5045,痨
wxz,5046,蛙
wxz,5047,贅
wxz,5049,啞
wxz,5052,翩
wxz,5053,央
wxz,5054,兔
wxz,5056,今
wxz,5061,返
wxz,5062,蹈
wxz,5063,置
wxz,5064,妞
wxz,5069,檔
wxz,5070,墨
wxz,5071,分
wxz,5072,優
wxz,5073,朋
wxz,5076,唄
wxz,5077,典
wxz,5080,甸
wxz,5082,剩
wxz,5085,凝
wxz,5086,缘
wxz,5087,喧
wxz,5088,揮
wxz,5089,蹴
wxz,5090,諱
wxz,5091,嗑
wxz,5092,彩
wxz,5095,灝
wxz,5096,蚊
wxz,5098,靠
wxz,5099,冤
wxz,5101,簿
wxz,5102,禮
wxz,5103,摔
wxz,5104,酰
wxz,5108,枫
wxz,5110,鄒
wxz,5112,及
wxz,5116,莠
wxz,5118,晴
wxz,5122,掘
wxz,5123,僚
wxz,5125,整
wxz,5128,顧
wxz,5129,灰
wxz,5130,脱
wxz,5132,率
wxz,5133,畸
wxz,5134,糅
wxz,5137,内
wxz,5138,厚
wxz,5142,稣
wxz,5144,属
wxz,5148,蕴
wxz,5150,投
wxz,5153,淌
wxz,5157,靖
wxz,5159,郎
wxz,5160,滑
wxz,5161,赤
wxz,5164,瑕
wxz,5170,瘤
wxz,5172,叉
wxz,5176,涉
wxz,5178,蹒
wxz,5179,塵
wxz,5180,猿
wxz,5181,賈
wxz,5184,拿
wxz,5185,疏
wxz,5189,泊
wxz,5191,皇
wxz,5192,症
wxz,5194,薯
wxz,5196,冕
wxz,5198,脲
wxz,5199,挂
wxz,5200,组
wxz,5204,道
wxz,5206,棠
wxz,5207,橱
wxz,5208,随
wxz,5209,榭
wxz,5212,嘛
wxz,5215,宛
wxz,5220,股
wxz,5224,删
wxz,5227,煜
wxz,5229,吉
wxz,5231,雇
wxz,5233,籠
wxz,5237,塌
wxz,5238,糠
wxz,5239,胺
wxz,5241,邵
wxz,5242,况
wxz,5245,咪
wxz,5249,碴
wxz,5250,鈴
wxz,5251,顎
wxz,5253,藝
wxz,5257,伯
wxz,5265,獵
wxz,5266,污
wxz,5274,豌
wxz,5275,孜
wxz,5277,椁
wxz,5281,蜘
wxz,5286,治
wxz,5287,樊
wxz,5288,竄
wxz,5296,匠
wxz,5302,膀
wxz,5305,润
wxz,5310,缴
wxz,5312,件
wxz,5315,臻
wxz,5320,憶
wxz,5321,睫
wxz,5322,支
wxz,5324,躑
wxz,5325,靴
wxz,5327,盤
wxz,5328,仔
wxz,5329,木
wxz,5330,眠
wxz,5331,入
wxz,5334,訪
wxz,5336,嗤
wxz,5338,术
wxz,5340,螯
wxz,5346,礁
wxz,5349,愍
wxz,5351,松
wxz,5353,茶
wxz,5355,湘
wxz,5356,詭
wxz,5357,吕
wxz,5360,跤
wxz,5367,燃
wxz,5369,驤
wxz,5372,鞭
wxz,5373,熬
wxz,5374,始
wxz,5378,纷
wxz,5385,僻
wxz,5388,淹
wxz,5389,體
wxz,5390,吞
wxz,5391,鲱
wxz,5393,每
wxz,0055,彎
